episode,mean_score,pit_score
0,0.0,0.0
1,0.05000000074505806,0.10000000149011612
2,0.033333333830038704,0.0
3,0.02500000037252903,0.0
4,0.020000000298023225,0.0
5,0.016666666915019352,0.0
6,0.014285714498588018,0.0
7,0.012500000186264515,0.0
8,0.011111111276679568,0.0
9,0.010000000149011612,0.0
10,0.009090909226374193,0.0
11,0.008333333457509676,0.0
12,0.007692307806932009,0.0
13,0.007142857249294009,0.0
14,0.0066666667660077415,0.0
15,0.0062500000931322575,0.0
16,0.00588235302883036,0.0
17,0.005555555638339784,0.0
18,0.005263157973164006,0.0
19,0.010000000149011612,0.10000000149011612
20,0.009523809665725344,0.0
21,0.009090909226374193,0.0
22,0.008695652303488358,0.0
23,0.008333333457509676,0.0
24,0.00800000011920929,0.0
25,0.007692307806932009,0.0
26,0.007407407517786379,0.0
27,0.007142857249294009,0.0
28,0.00689655182690456,0.0
29,0.0066666667660077415,0.0
30,0.0064516129993623305,0.0
31,0.0062500000931322575,0.0
32,0.006060606150916128,0.0
33,0.00588235302883036,0.0
34,0.005714285799435207,0.0
35,0.005555555638339784,0.0
36,0.005405405485952222,0.0
37,0.005263157973164006,0.0
38,0.005128205204621339,0.0
39,0.005000000074505806,0.0
40,0.004878048853176396,0.0
41,0.004761904832862672,0.0
42,0.004651162860005401,0.0
43,0.006590909197587858,0.09000000171363354
44,0.006444444548752573,0.0
45,0.006304347928127517,0.0
46,0.006170212865826931,0.0
47,0.006041666764455537,0.0
48,0.005918367442731954,0.0
49,0.005800000093877315,0.0
50,0.005686274601840505,0.0
51,0.005576923167189727,0.0
52,0.005471698201771053,0.0
53,0.005370370457293811,0.0
54,0.005272727358070287,0.0
55,0.005178571512390461,0.0
56,0.005087719380594136,0.0
57,0.00500000008092872,0.0
58,0.004915254316845183,0.0
59,0.00483333341156443,0.0
60,0.004754098437604357,0.0
61,0.004677419430546222,0.0
62,0.004603174677680409,0.0
63,0.004531250073341653,0.0
64,0.004461538533751781,0.0
65,0.004393939465058573,0.0
66,0.004328358279012922,0.0
67,0.004264705951380379,0.0
68,0.0042028986187516775,0.0
69,0.0041428572099123685,0.0
70,0.0040845071083643065,0.0
71,0.004027777842970358,0.0
72,0.003972602804025558,0.0
73,0.003918918982349537,0.0
74,0.0038666667292515436,0.0
75,0.005131579028736604,0.10000000149011612
76,0.005064935145246518,0.0
77,0.005000000079281819,0.0
78,0.004936708939037746,0.0
79,0.004875000077299773,0.0
80,0.00481481489116027,0.0
81,0.004756097636390023,0.0
82,0.005903614550290337,0.10000000149011612
83,0.007023809632907311,0.10000000149011612
84,0.006941176578402519,0.0
85,0.0068604652228396994,0.0
86,0.007931034605222187,0.10000000149011612
87,0.0089772728652778,0.10000000149011612
88,0.008876404630836476,0.0
89,0.009888889040384027,0.10000000149011612
90,0.010769230937892263,0.09000000171363354
91,0.010652174079871696,0.0
92,0.010537634573636516,0.0
93,0.010425532078172298,0.0
94,0.01136842122987697,0.10000000149011612
95,0.011250000175399085,0.0
96,0.011134020792147549,0.0
97,0.01204081651355539,0.10000000149011612
98,0.011919192104327559,0.0
99,0.011800000183284283,0.0
100,0.011800000183284283,0.0
101,0.011700000185519456,0.09000000171363354
102,0.011700000185519456,0.0
103,0.011700000185519456,0.0
104,0.012700000200420619,0.10000000149011612
105,0.012700000200420619,0.0
106,0.012700000200420619,0.0
107,0.012700000200420619,0.0
108,0.012700000200420619,0.0
109,0.01370000021532178,0.10000000149011612
110,0.01370000021532178,0.0
111,0.01370000021532178,0.0
112,0.01370000021532178,0.0
113,0.01370000021532178,0.0
114,0.01370000021532178,0.0
115,0.01370000021532178,0.0
116,0.01370000021532178,0.0
117,0.014700000230222941,0.10000000149011612
118,0.014700000230222941,0.0
119,0.014600000232458115,0.09000000171363354
120,0.015600000247359276,0.10000000149011612
121,0.01650000026449561,0.09000000171363354
122,0.01750000027939677,0.10000000149011612
123,0.01750000027939677,0.0
124,0.018500000294297932,0.10000000149011612
125,0.019500000309199093,0.10000000149011612
126,0.02040000032633543,0.09000000171363354
127,0.02140000034123659,0.10000000149011612
128,0.02140000034123659,0.0
129,0.02140000034123659,0.0
130,0.022300000358372925,0.09000000171363354
131,0.023300000373274087,0.10000000149011612
132,0.024200000390410422,0.09000000171363354
133,0.024200000390410422,0.0
134,0.024200000390410422,0.0
135,0.025200000405311583,0.10000000149011612
136,0.025200000405311583,0.0
137,0.026200000420212744,0.10000000149011612
138,0.02710000043734908,0.09000000171363354
139,0.02710000043734908,0.0
140,0.02810000045225024,0.10000000149011612
141,0.02810000045225024,0.0
142,0.029100000467151402,0.10000000149011612
143,0.02920000046491623,0.10000000149011612
144,0.02920000046491623,0.0
145,0.02920000046491623,0.0
146,0.030200000479817392,0.10000000149011612
147,0.031200000494718553,0.10000000149011612
148,0.032200000509619714,0.10000000149011612
149,0.032200000509619714,0.0
150,0.033100000526756046,0.09000000171363354
151,0.033100000526756046,0.0
152,0.033100000526756046,0.0
153,0.03410000054165721,0.10000000149011612
154,0.03510000055655837,0.10000000149011612
155,0.03510000055655837,0.0
156,0.03510000055655837,0.0
157,0.03510000055655837,0.0
158,0.03510000055655837,0.0
159,0.03510000055655837,0.0
160,0.03600000057369471,0.09000000171363354
161,0.03600000057369471,0.0
162,0.03600000057369471,0.0
163,0.03600000057369471,0.0
164,0.03690000059083104,0.09000000171363354
165,0.03690000059083104,0.0
166,0.03690000059083104,0.0
167,0.037900000605732204,0.10000000149011612
168,0.037900000605732204,0.0
169,0.037900000605732204,0.0
170,0.037900000605732204,0.0
171,0.03890000062063336,0.10000000149011612
172,0.03890000062063336,0.0
173,0.03890000062063336,0.0
174,0.03890000062063336,0.0
175,0.03890000062063336,0.10000000149011612
176,0.03890000062063336,0.0
177,0.03890000062063336,0.0
178,0.03890000062063336,0.0
179,0.03890000062063336,0.0
180,0.03890000062063336,0.0
181,0.03890000062063336,0.0
182,0.037900000605732204,0.0
183,0.03780000060796738,0.09000000171363354
184,0.038800000622868536,0.10000000149011612
185,0.038800000622868536,0.0
186,0.038800000622868536,0.10000000149011612
187,0.03780000060796738,0.0
188,0.03780000060796738,0.0
189,0.03770000061020255,0.09000000171363354
190,0.036800000593066214,0.0
191,0.036800000593066214,0.0
192,0.03780000060796738,0.10000000149011612
193,0.03780000060796738,0.0
194,0.03770000061020255,0.09000000171363354
195,0.03770000061020255,0.0
196,0.03870000062510371,0.10000000149011612
197,0.03770000061020255,0.0
198,0.03770000061020255,0.0
199,0.03870000062510371,0.10000000149011612
200,0.039700000640004875,0.10000000149011612
201,0.038800000622868536,0.0
202,0.038800000622868536,0.0
203,0.0398000006377697,0.10000000149011612
204,0.038800000622868536,0.0
205,0.038800000622868536,0.0
206,0.038800000622868536,0.0
207,0.0398000006377697,0.10000000149011612
208,0.0398000006377697,0.0
209,0.038800000622868536,0.0
210,0.038800000622868536,0.0
211,0.038800000622868536,0.0
212,0.038800000622868536,0.0
213,0.038800000622868536,0.0
214,0.038800000622868536,0.0
215,0.038800000622868536,0.0
216,0.038800000622868536,0.0
217,0.03780000060796738,0.0
218,0.03780000060796738,0.0
219,0.03690000059083104,0.0
220,0.03590000057592988,0.0
221,0.03500000055879354,0.0
222,0.034000000543892385,0.0
223,0.034000000543892385,0.0
224,0.03300000052899122,0.0
225,0.03200000051409006,0.0
226,0.031100000496953727,0.0
227,0.030100000482052566,0.0
228,0.030100000482052566,0.0
229,0.030100000482052566,0.0
230,0.02920000046491623,0.0
231,0.02820000045001507,0.0
232,0.028300000447779895,0.10000000149011612
233,0.029300000462681056,0.10000000149011612
234,0.029300000462681056,0.0
235,0.029300000462681056,0.10000000149011612
236,0.029300000462681056,0.0
237,0.029300000462681056,0.10000000149011612
238,0.02840000044554472,0.0
239,0.02840000044554472,0.0
240,0.02740000043064356,0.0
241,0.02840000044554472,0.10000000149011612
242,0.02740000043064356,0.0
243,0.0264000004157424,0.0
244,0.0264000004157424,0.0
245,0.0264000004157424,0.0
246,0.0264000004157424,0.10000000149011612
247,0.0264000004157424,0.10000000149011612
248,0.025400000400841238,0.0
249,0.025400000400841238,0.0
250,0.025500000398606063,0.10000000149011612
251,0.025500000398606063,0.0
252,0.025500000398606063,0.0
253,0.024500000383704902,0.0
254,0.024500000383704902,0.10000000149011612
255,0.024500000383704902,0.0
256,0.024500000383704902,0.0
257,0.024500000383704902,0.0
258,0.024500000383704902,0.0
259,0.024500000383704902,0.0
260,0.024600000381469728,0.10000000149011612
261,0.024600000381469728,0.0
262,0.024600000381469728,0.0
263,0.02560000039637089,0.10000000149011612
264,0.024700000379234553,0.0
265,0.025700000394135714,0.10000000149011612
266,0.025700000394135714,0.0
267,0.024700000379234553,0.0
268,0.024700000379234553,0.0
269,0.024700000379234553,0.0
270,0.024700000379234553,0.0
271,0.023700000364333392,0.0
272,0.023700000364333392,0.0
273,0.023700000364333392,0.0
274,0.023700000364333392,0.0
275,0.02270000034943223,0.0
276,0.023700000364333392,0.10000000149011612
277,0.023700000364333392,0.0
278,0.024700000379234553,0.10000000149011612
279,0.024700000379234553,0.0
280,0.024700000379234553,0.0
281,0.024700000379234553,0.0
282,0.024700000379234553,0.0
283,0.023800000362098218,0.0
284,0.022800000347197057,0.0
285,0.022800000347197057,0.0
286,0.021800000332295896,0.0
287,0.021800000332295896,0.0
288,0.021800000332295896,0.0
289,0.02090000031515956,0.0
290,0.02090000031515956,0.0
291,0.02190000033006072,0.10000000149011612
292,0.02090000031515956,0.0
293,0.02090000031515956,0.0
294,0.020000000298023225,0.0
295,0.020000000298023225,0.0
296,0.019000000283122064,0.0
297,0.019000000283122064,0.0
298,0.019000000283122064,0.0
299,0.018000000268220902,0.0
300,0.018000000268220902,0.10000000149011612
301,0.019000000283122064,0.10000000149011612
302,0.019000000283122064,0.0
303,0.018000000268220902,0.0
304,0.018000000268220902,0.0
305,0.018000000268220902,0.0
306,0.018000000268220902,0.0
307,0.018000000268220902,0.10000000149011612
308,0.019000000283122064,0.10000000149011612
309,0.019000000283122064,0.0
310,0.019000000283122064,0.0
311,0.019000000283122064,0.0
312,0.019000000283122064,0.0
313,0.020000000298023225,0.10000000149011612
314,0.021000000312924386,0.10000000149011612
315,0.021000000312924386,0.0
316,0.021000000312924386,0.0
317,0.021000000312924386,0.0
318,0.021000000312924386,0.0
319,0.021000000312924386,0.0
320,0.021000000312924386,0.0
321,0.021000000312924386,0.0
322,0.021000000312924386,0.0
323,0.021000000312924386,0.0
324,0.022000000327825547,0.10000000149011612
325,0.022000000327825547,0.0
326,0.022000000327825547,0.0
327,0.022000000327825547,0.0
328,0.023000000342726708,0.10000000149011612
329,0.023000000342726708,0.0
330,0.023000000342726708,0.0
331,0.023000000342726708,0.0
332,0.022000000327825547,0.0
333,0.021000000312924386,0.0
334,0.021000000312924386,0.0
335,0.020000000298023225,0.0
336,0.020000000298023225,0.0
337,0.019000000283122064,0.0
338,0.019000000283122064,0.0
339,0.019000000283122064,0.0
340,0.019000000283122064,0.0
341,0.018000000268220902,0.0
342,0.018000000268220902,0.0
343,0.018000000268220902,0.0
344,0.018000000268220902,0.0
345,0.018000000268220902,0.0
346,0.01700000025331974,0.0
347,0.01600000023841858,0.0
348,0.01600000023841858,0.0
349,0.01600000023841858,0.0
350,0.015000000223517418,0.0
351,0.015000000223517418,0.0
352,0.015000000223517418,0.0
353,0.015000000223517418,0.0
354,0.014000000208616257,0.0
355,0.014000000208616257,0.0
356,0.014000000208616257,0.0
357,0.014000000208616257,0.0
358,0.014000000208616257,0.0
359,0.014000000208616257,0.0
360,0.013000000193715095,0.0
361,0.013000000193715095,0.0
362,0.013000000193715095,0.0
363,0.012000000178813934,0.0
364,0.012000000178813934,0.0
365,0.011000000163912773,0.0
366,0.011000000163912773,0.0
367,0.011000000163912773,0.0
368,0.011000000163912773,0.0
369,0.011000000163912773,0.0
370,0.011000000163912773,0.0
371,0.011000000163912773,0.0
372,0.011000000163912773,0.0
373,0.011000000163912773,0.0
374,0.011000000163912773,0.0
375,0.011000000163912773,0.0
376,0.010000000149011612,0.0
377,0.010000000149011612,0.0
378,0.009000000134110451,0.0
379,0.009000000134110451,0.0
380,0.009000000134110451,0.0
381,0.009000000134110451,0.0
382,0.009000000134110451,0.0
383,0.009000000134110451,0.0
384,0.009000000134110451,0.0
385,0.009000000134110451,0.0
386,0.009000000134110451,0.0
387,0.009000000134110451,0.0
388,0.009000000134110451,0.0
389,0.009000000134110451,0.0
390,0.009000000134110451,0.0
391,0.00800000011920929,0.0
392,0.00800000011920929,0.0
393,0.00800000011920929,0.0
394,0.00800000011920929,0.0
395,0.00800000011920929,0.0
396,0.00800000011920929,0.0
397,0.00800000011920929,0.0
398,0.00800000011920929,0.0
399,0.00800000011920929,0.0
400,0.007000000104308128,0.0
401,0.006000000089406967,0.0
402,0.006000000089406967,0.0
403,0.006000000089406967,0.0
404,0.006000000089406967,0.0
405,0.006000000089406967,0.0
406,0.006000000089406967,0.0
407,0.005000000074505806,0.0
408,0.004000000059604645,0.0
409,0.004000000059604645,0.0
410,0.004000000059604645,0.0
411,0.004000000059604645,0.0
412,0.004000000059604645,0.0
413,0.0030000000447034836,0.0
414,0.0020000000298023225,0.0
415,0.0020000000298023225,0.0
416,0.0020000000298023225,0.0
417,0.0020000000298023225,0.0
418,0.0020000000298023225,0.0
419,0.0020000000298023225,0.0
420,0.0020000000298023225,0.0
421,0.0020000000298023225,0.0
422,0.0020000000298023225,0.0
423,0.0020000000298023225,0.0
424,0.0010000000149011613,0.0
425,0.0010000000149011613,0.0
426,0.0010000000149011613,0.0
427,0.0010000000149011613,0.0
428,0.0,0.0
429,0.0,0.0
430,0.0,0.0
431,0.0,0.0
432,0.0,0.0
433,0.0,0.0
434,0.0,0.0
435,0.0,0.0
436,0.0,0.0
437,0.0,0.0
438,0.0,0.0
439,0.0,0.0
440,0.0,0.0
441,0.0,0.0
442,0.0,0.0
443,0.0,0.0
444,0.0,0.0
445,0.0,0.0
446,0.0,0.0
447,0.0,0.0
448,0.0,0.0
449,0.0,0.0
450,0.0,0.0
451,0.0,0.0
452,0.0,0.0
453,0.0,0.0
454,0.0,0.0
455,0.0,0.0
456,0.0,0.0
457,0.0,0.0
458,0.0,0.0
459,0.0009000000171363354,0.09000000171363354
460,0.0009000000171363354,0.0
461,0.0009000000171363354,0.0
462,0.0009000000171363354,0.0
463,0.0009000000171363354,0.0
464,0.0009000000171363354,0.0
465,0.0009000000171363354,0.0
466,0.0009000000171363354,0.0
467,0.0009000000171363354,0.0
468,0.0009000000171363354,0.0
469,0.0009000000171363354,0.0
470,0.0009000000171363354,0.0
471,0.0009000000171363354,0.0
472,0.0009000000171363354,0.0
473,0.0009000000171363354,0.0
474,0.0009000000171363354,0.0
475,0.0009000000171363354,0.0
476,0.0009000000171363354,0.0
477,0.0009000000171363354,0.0
478,0.0009000000171363354,0.0
479,0.0009000000171363354,0.0
480,0.0009000000171363354,0.0
481,0.0009000000171363354,0.0
482,0.0009000000171363354,0.0
483,0.0009000000171363354,0.0
484,0.0009000000171363354,0.0
485,0.0009000000171363354,0.0
486,0.0009000000171363354,0.0
487,0.0009000000171363354,0.0
488,0.0009000000171363354,0.0
489,0.0009000000171363354,0.0
490,0.0009000000171363354,0.0
491,0.0009000000171363354,0.0
492,0.0009000000171363354,0.0
493,0.0009000000171363354,0.0
494,0.0009000000171363354,0.0
495,0.0009000000171363354,0.0
496,0.0009000000171363354,0.0
497,0.0009000000171363354,0.0
498,0.0009000000171363354,0.0
499,0.0009000000171363354,0.0
500,0.0009000000171363354,0.0
501,0.0009000000171363354,0.0
502,0.0009000000171363354,0.0
503,0.0009000000171363354,0.0
504,0.0009000000171363354,0.0
505,0.0009000000171363354,0.0
506,0.0009000000171363354,0.0
507,0.0009000000171363354,0.0
508,0.0009000000171363354,0.0
509,0.0009000000171363354,0.0
510,0.0009000000171363354,0.0
511,0.0019000000320374966,0.10000000149011612
512,0.0019000000320374966,0.0
513,0.0029000000469386576,0.10000000149011612
514,0.0029000000469386576,0.0
515,0.003800000064074993,0.09000000171363354
516,0.004800000078976154,0.10000000149011612
517,0.006800000108778476,0.20000000298023224
518,0.006800000108778476,0.0
519,0.007800000123679638,0.10000000149011612
520,0.008800000138580798,0.10000000149011612
521,0.00980000015348196,0.10000000149011612
522,0.00980000015348196,0.0
523,0.00980000015348196,0.0
524,0.00980000015348196,0.0
525,0.010700000170618295,0.09000000171363354
526,0.010700000170618295,0.0
527,0.01160000018775463,0.09000000171363354
528,0.01160000018775463,0.0
529,0.012500000204890966,0.09000000171363354
530,0.012500000204890966,0.0
531,0.012500000204890966,0.0
532,0.013500000219792127,0.10000000149011612
533,0.013500000219792127,0.0
534,0.014400000236928463,0.09000000171363354
535,0.015300000254064798,0.09000000171363354
536,0.015300000254064798,0.0
537,0.015300000254064798,0.0
538,0.015300000254064798,0.0
539,0.015300000254064798,0.0
540,0.015300000254064798,0.0
541,0.015300000254064798,0.0
542,0.015300000254064798,0.0
543,0.015300000254064798,0.0
544,0.015300000254064798,0.0
545,0.015300000254064798,0.0
546,0.015300000254064798,0.0
547,0.015300000254064798,0.0
548,0.015300000254064798,0.0
549,0.015300000254064798,0.0
550,0.015300000254064798,0.0
551,0.015300000254064798,0.0
552,0.015300000254064798,0.0
553,0.015300000254064798,0.0
554,0.016200000271201134,0.09000000171363354
555,0.017200000286102295,0.10000000149011612
556,0.017200000286102295,0.0
557,0.017200000286102295,0.0
558,0.017200000286102295,0.0
559,0.01630000026896596,0.0
560,0.01630000026896596,0.0
561,0.01630000026896596,0.0
562,0.017200000286102295,0.09000000171363354
563,0.017200000286102295,0.0
564,0.01810000030323863,0.09000000171363354
565,0.01810000030323863,0.0
566,0.019000000320374966,0.09000000171363354
567,0.019000000320374966,0.0
568,0.019000000320374966,0.0
569,0.019000000320374966,0.0
570,0.019000000320374966,0.0
571,0.019000000320374966,0.0
572,0.019000000320374966,0.0
573,0.019000000320374966,0.0
574,0.019000000320374966,0.0
575,0.019000000320374966,0.0
576,0.019000000320374966,0.0
577,0.019000000320374966,0.0
578,0.019000000320374966,0.0
579,0.019000000320374966,0.0
580,0.0199000003375113,0.09000000171363354
581,0.0199000003375113,0.0
582,0.0199000003375113,0.0
583,0.0199000003375113,0.0
584,0.0199000003375113,0.0
585,0.020800000354647637,0.09000000171363354
586,0.020800000354647637,0.0
587,0.021700000371783972,0.09000000171363354
588,0.021700000371783972,0.0
589,0.021700000371783972,0.0
590,0.021700000371783972,0.0
591,0.021700000371783972,0.0
592,0.021700000371783972,0.0
593,0.021700000371783972,0.0
594,0.022600000388920308,0.09000000171363354
595,0.022600000388920308,0.0
596,0.022600000388920308,0.0
597,0.022600000388920308,0.0
598,0.022600000388920308,0.0
599,0.022600000388920308,0.0
600,0.022600000388920308,0.0
601,0.023500000406056643,0.09000000171363354
602,0.023500000406056643,0.0
603,0.023500000406056643,0.0
604,0.023500000406056643,0.0
605,0.023500000406056643,0.0
606,0.023500000406056643,0.0
607,0.02440000042319298,0.09000000171363354
608,0.02440000042319298,0.0
609,0.02440000042319298,0.0
610,0.025300000440329314,0.09000000171363354
611,0.024300000425428153,0.0
612,0.024300000425428153,0.0
613,0.023300000410526992,0.0
614,0.023300000410526992,0.0
615,0.022400000393390657,0.0
616,0.021400000378489496,0.0
617,0.02030000036582351,0.09000000171363354
618,0.02030000036582351,0.0
619,0.019300000350922344,0.0
620,0.019300000350922344,0.10000000149011612
621,0.01920000035315752,0.09000000171363354
622,0.01920000035315752,0.0
623,0.020100000370293854,0.09000000171363354
624,0.020100000370293854,0.0
625,0.020100000370293854,0.09000000171363354
626,0.020100000370293854,0.0
627,0.01920000035315752,0.0
628,0.01920000035315752,0.0
629,0.01920000035315752,0.09000000171363354
630,0.01920000035315752,0.0
631,0.020100000370293854,0.09000000171363354
632,0.019100000355392693,0.0
633,0.020100000370293854,0.10000000149011612
634,0.01920000035315752,0.0
635,0.018300000336021183,0.0
636,0.018300000336021183,0.0
637,0.01920000035315752,0.09000000171363354
638,0.01920000035315752,0.0
639,0.01920000035315752,0.0
640,0.01920000035315752,0.0
641,0.020100000370293854,0.09000000171363354
642,0.020100000370293854,0.0
643,0.02100000038743019,0.09000000171363354
644,0.02100000038743019,0.0
645,0.02100000038743019,0.0
646,0.02200000040233135,0.10000000149011612
647,0.02200000040233135,0.0
648,0.02200000040233135,0.0
649,0.02200000040233135,0.0
650,0.022900000419467686,0.09000000171363354
651,0.023900000434368848,0.10000000149011612
652,0.023900000434368848,0.0
653,0.023900000434368848,0.0
654,0.023000000417232512,0.0
655,0.02200000040233135,0.0
656,0.02200000040233135,0.0
657,0.02200000040233135,0.0
658,0.02200000040233135,0.0
659,0.02200000040233135,0.0
660,0.02200000040233135,0.0
661,0.02200000040233135,0.0
662,0.021100000385195015,0.0
663,0.021100000385195015,0.0
664,0.02020000036805868,0.0
665,0.02020000036805868,0.0
666,0.019300000350922344,0.0
667,0.019300000350922344,0.0
668,0.019300000350922344,0.0
669,0.019300000350922344,0.0
670,0.019300000350922344,0.0
671,0.02020000036805868,0.09000000171363354
672,0.02020000036805868,0.0
673,0.021100000385195015,0.09000000171363354
674,0.021100000385195015,0.0
675,0.021100000385195015,0.0
676,0.021100000385195015,0.0
677,0.021100000385195015,0.0
678,0.02200000040233135,0.09000000171363354
679,0.022900000419467686,0.09000000171363354
680,0.02200000040233135,0.0
681,0.02200000040233135,0.0
682,0.023000000417232512,0.10000000149011612
683,0.023000000417232512,0.0
684,0.023900000434368848,0.09000000171363354
685,0.023000000417232512,0.0
686,0.023000000417232512,0.0
687,0.022100000400096177,0.0
688,0.022100000400096177,0.0
689,0.022100000400096177,0.0
690,0.022100000400096177,0.0
691,0.022100000400096177,0.0
692,0.022100000400096177,0.0
693,0.023000000417232512,0.09000000171363354
694,0.022100000400096177,0.0
695,0.022100000400096177,0.0
696,0.022100000400096177,0.0
697,0.022100000400096177,0.0
698,0.022100000400096177,0.0
699,0.022100000400096177,0.0
700,0.022100000400096177,0.0
701,0.022100000400096177,0.09000000171363354
702,0.022100000400096177,0.0
703,0.022100000400096177,0.0
704,0.022100000400096177,0.0
705,0.022100000400096177,0.0
706,0.022100000400096177,0.0
707,0.02120000038295984,0.0
708,0.022100000400096177,0.09000000171363354
709,0.022100000400096177,0.0
710,0.02120000038295984,0.0
711,0.02120000038295984,0.0
712,0.02120000038295984,0.0
713,0.02120000038295984,0.0
714,0.022100000400096177,0.09000000171363354
715,0.022100000400096177,0.0
716,0.022100000400096177,0.0
717,0.022100000400096177,0.09000000171363354
718,0.022100000400096177,0.0
719,0.023000000417232512,0.09000000171363354
720,0.02200000040233135,0.0
721,0.021100000385195015,0.0
722,0.021100000385195015,0.0
723,0.02020000036805868,0.0
724,0.02020000036805868,0.0
725,0.02020000036805868,0.09000000171363354
726,0.02020000036805868,0.0
727,0.02020000036805868,0.0
728,0.02020000036805868,0.0
729,0.019300000350922344,0.0
730,0.019300000350922344,0.0
731,0.018400000333786012,0.0
732,0.018400000333786012,0.0
733,0.017400000318884848,0.0
734,0.017400000318884848,0.0
735,0.017400000318884848,0.0
736,0.017400000318884848,0.0
737,0.016500000301748516,0.0
738,0.016500000301748516,0.0
739,0.016500000301748516,0.0
740,0.016500000301748516,0.0
741,0.015600000284612179,0.0
742,0.015600000284612179,0.0
743,0.014700000267475843,0.0
744,0.014700000267475843,0.0
745,0.014700000267475843,0.0
746,0.013700000252574682,0.0
747,0.013700000252574682,0.0
748,0.013700000252574682,0.0
749,0.013700000252574682,0.0
750,0.013700000252574682,0.09000000171363354
751,0.012700000237673521,0.0
752,0.012700000237673521,0.0
753,0.012700000237673521,0.0
754,0.012700000237673521,0.0
755,0.012700000237673521,0.0
756,0.012700000237673521,0.0
757,0.012700000237673521,0.0
758,0.013700000252574682,0.10000000149011612
759,0.014600000269711018,0.09000000171363354
760,0.014600000269711018,0.0
761,0.014600000269711018,0.0
762,0.014600000269711018,0.0
763,0.014600000269711018,0.0
764,0.015500000286847353,0.09000000171363354
765,0.016500000301748516,0.10000000149011612
766,0.016500000301748516,0.0
767,0.017400000318884848,0.09000000171363354
768,0.018400000333786012,0.10000000149011612
769,0.019300000350922344,0.09000000171363354
770,0.02020000036805868,0.09000000171363354
771,0.019300000350922344,0.0
772,0.02030000036582351,0.10000000149011612
773,0.019400000348687173,0.0
774,0.019400000348687173,0.0
775,0.019400000348687173,0.0
776,0.020400000363588335,0.10000000149011612
777,0.021400000378489496,0.10000000149011612
778,0.02050000036135316,0.0
779,0.019600000344216825,0.0
780,0.019600000344216825,0.0
781,0.019600000344216825,0.0
782,0.018600000329315663,0.0
783,0.018600000329315663,0.0
784,0.017700000312179328,0.0
785,0.017700000312179328,0.0
786,0.01870000032708049,0.10000000149011612
787,0.01870000032708049,0.0
788,0.01870000032708049,0.0
789,0.019600000344216825,0.09000000171363354
790,0.019600000344216825,0.0
791,0.019600000344216825,0.0
792,0.019600000344216825,0.0
793,0.019600000344216825,0.09000000171363354
794,0.02050000036135316,0.09000000171363354
795,0.02050000036135316,0.0
796,0.02050000036135316,0.0
797,0.02050000036135316,0.0
798,0.02050000036135316,0.0
799,0.02050000036135316,0.0
800,0.02050000036135316,0.0
801,0.02050000036135316,0.09000000171363354
802,0.02150000037625432,0.10000000149011612
803,0.02150000037625432,0.0
804,0.022400000393390657,0.09000000171363354
805,0.022400000393390657,0.0
806,0.022400000393390657,0.0
807,0.022400000393390657,0.0
808,0.022400000393390657,0.09000000171363354
809,0.022400000393390657,0.0
810,0.022400000393390657,0.0
811,0.022400000393390657,0.0
812,0.022400000393390657,0.0
813,0.022400000393390657,0.0
814,0.02150000037625432,0.0
815,0.022500000391155482,0.10000000149011612
816,0.023500000406056643,0.10000000149011612
817,0.02360000040382147,0.10000000149011612
818,0.02360000040382147,0.0
819,0.023700000401586294,0.10000000149011612
820,0.023700000401586294,0.0
821,0.023700000401586294,0.0
822,0.024700000416487455,0.10000000149011612
823,0.024700000416487455,0.0
824,0.025700000431388616,0.10000000149011612
825,0.025800000429153442,0.10000000149011612
826,0.025800000429153442,0.0
827,0.025800000429153442,0.0
828,0.026800000444054603,0.10000000149011612
829,0.027800000458955764,0.10000000149011612
830,0.027800000458955764,0.0
831,0.027800000458955764,0.0
832,0.0287000004760921,0.09000000171363354
833,0.02970000049099326,0.10000000149011612
834,0.02970000049099326,0.0
835,0.03070000050589442,0.10000000149011612
836,0.031700000520795586,0.10000000149011612
837,0.031700000520795586,0.0
838,0.032700000535696744,0.10000000149011612
839,0.032700000535696744,0.0
840,0.03360000055283308,0.09000000171363354
841,0.03360000055283308,0.0
842,0.03360000055283308,0.0
843,0.034500000569969415,0.09000000171363354
844,0.034500000569969415,0.0
845,0.034500000569969415,0.0
846,0.034500000569969415,0.0
847,0.034500000569969415,0.0
848,0.034500000569969415,0.0
849,0.035400000587105754,0.09000000171363354
850,0.03550000058487058,0.10000000149011612
851,0.03650000059977174,0.10000000149011612
852,0.03650000059977174,0.0
853,0.03650000059977174,0.0
854,0.0375000006146729,0.10000000149011612
855,0.0375000006146729,0.0
856,0.0375000006146729,0.0
857,0.0375000006146729,0.0
858,0.03650000059977174,0.0
859,0.035600000582635405,0.0
860,0.03660000059753656,0.10000000149011612
861,0.0375000006146729,0.09000000171363354
862,0.0375000006146729,0.0
863,0.0375000006146729,0.0
864,0.03760000061243773,0.10000000149011612
865,0.03760000061243773,0.10000000149011612
866,0.03760000061243773,0.0
867,0.03760000061243773,0.09000000171363354
868,0.0375000006146729,0.09000000171363354
869,0.0375000006146729,0.09000000171363354
870,0.03760000061243773,0.10000000149011612
871,0.038600000627338885,0.10000000149011612
872,0.03850000062957406,0.09000000171363354
873,0.039500000644475224,0.10000000149011612
874,0.040400000661611556,0.09000000171363354
875,0.041300000678747895,0.09000000171363354
876,0.04120000068098307,0.09000000171363354
877,0.04120000068098307,0.10000000149011612
878,0.04220000069588423,0.10000000149011612
879,0.04320000071078539,0.10000000149011612
880,0.04320000071078539,0.0
881,0.04320000071078539,0.0
882,0.04320000071078539,0.0
883,0.04410000072792172,0.09000000171363354
884,0.04500000074505806,0.09000000171363354
885,0.045900000762194394,0.09000000171363354
886,0.04490000074729324,0.0
887,0.04490000074729324,0.0
888,0.04490000074729324,0.0
889,0.04500000074505806,0.10000000149011612
890,0.04500000074505806,0.0
891,0.04600000075995922,0.10000000149011612
892,0.04600000075995922,0.0
893,0.046100000757724045,0.10000000149011612
894,0.046100000757724045,0.09000000171363354
895,0.046100000757724045,0.0
896,0.046100000757724045,0.0
897,0.04710000077262521,0.10000000149011612
898,0.04800000078976154,0.09000000171363354
899,0.04800000078976154,0.0
900,0.04890000080689788,0.09000000171363354
901,0.049000000804662706,0.10000000149011612
902,0.04800000078976154,0.0
903,0.049000000804662706,0.10000000149011612
904,0.04810000078752637,0.0
905,0.04910000080242753,0.10000000149011612
906,0.04910000080242753,0.0
907,0.05010000081732869,0.10000000149011612
908,0.050200000815093515,0.10000000149011612
909,0.050200000815093515,0.0
910,0.050200000815093515,0.0
911,0.050200000815093515,0.0
912,0.05120000082999468,0.10000000149011612
913,0.05210000084713101,0.09000000171363354
914,0.05300000086426735,0.09000000171363354
915,0.05300000086426735,0.10000000149011612
916,0.05300000086426735,0.10000000149011612
917,0.052000000849366186,0.0
918,0.05300000086426735,0.10000000149011612
919,0.052000000849366186,0.0
920,0.05300000086426735,0.10000000149011612
921,0.05400000087916851,0.10000000149011612
922,0.05400000087916851,0.10000000149011612
923,0.05500000089406967,0.10000000149011612
924,0.05500000089406967,0.10000000149011612
925,0.05490000089630485,0.09000000171363354
926,0.05490000089630485,0.0
927,0.05490000089630485,0.0
928,0.05480000089854002,0.09000000171363354
929,0.05380000088363886,0.0
930,0.05480000089854002,0.10000000149011612
931,0.05480000089854002,0.0
932,0.05490000089630485,0.10000000149011612
933,0.05390000088140368,0.0
934,0.05490000089630485,0.10000000149011612
935,0.05480000089854002,0.09000000171363354
936,0.054700000900775196,0.09000000171363354
937,0.054700000900775196,0.0
938,0.05370000088587403,0.0
939,0.05460000090301037,0.09000000171363354
940,0.05370000088587403,0.0
941,0.054700000900775196,0.10000000149011612
942,0.054700000900775196,0.0
943,0.05380000088363886,0.0
944,0.05480000089854002,0.10000000149011612
945,0.05580000091344118,0.10000000149011612
946,0.05670000093057752,0.09000000171363354
947,0.05670000093057752,0.0
948,0.05760000094771385,0.09000000171363354
949,0.057700000945478676,0.10000000149011612
950,0.05760000094771385,0.09000000171363354
951,0.05760000094771385,0.10000000149011612
952,0.058600000962615015,0.10000000149011612
953,0.058600000962615015,0.0
954,0.05850000096485019,0.09000000171363354
955,0.05850000096485019,0.0
956,0.05950000097975135,0.10000000149011612
957,0.05950000097975135,0.0
958,0.060400000996887686,0.09000000171363354
959,0.06130000101402402,0.09000000171363354
960,0.06120000101625919,0.09000000171363354
961,0.06130000101402402,0.10000000149011612
962,0.06220000103116036,0.09000000171363354
963,0.06220000103116036,0.0
964,0.06220000103116036,0.10000000149011612
965,0.06120000101625919,0.0
966,0.06220000103116036,0.10000000149011612
967,0.06130000101402402,0.0
968,0.06130000101402402,0.09000000171363354
969,0.06140000101178884,0.10000000149011612
970,0.060400000996887686,0.0
971,0.060400000996887686,0.10000000149011612
972,0.060400000996887686,0.09000000171363354
973,0.05940000098198652,0.0
974,0.05850000096485019,0.0
975,0.058600000962615015,0.10000000149011612
976,0.058600000962615015,0.09000000171363354
977,0.05760000094771385,0.0
978,0.05760000094771385,0.10000000149011612
979,0.057500000949949025,0.09000000171363354
980,0.05850000096485019,0.10000000149011612
981,0.05940000098198652,0.09000000171363354
982,0.05940000098198652,0.0
983,0.05940000098198652,0.09000000171363354
984,0.05850000096485019,0.0
985,0.058600000962615015,0.10000000149011612
986,0.05960000097751617,0.10000000149011612
987,0.06060000099241734,0.10000000149011612
988,0.06060000099241734,0.0
989,0.06050000099465251,0.09000000171363354
990,0.06050000099465251,0.0
991,0.05950000097975135,0.0
992,0.05950000097975135,0.0
993,0.05950000097975135,0.10000000149011612
994,0.05960000097751617,0.10000000149011612
995,0.06050000099465251,0.09000000171363354
996,0.06140000101178884,0.09000000171363354
997,0.060400000996887686,0.0
998,0.06050000099465251,0.10000000149011612
999,0.06150000100955367,0.10000000149011612
1000,0.061600001007318494,0.10000000149011612
1001,0.06060000099241734,0.0
1002,0.06060000099241734,0.0
1003,0.06060000099241734,0.10000000149011612
1004,0.06150000100955367,0.09000000171363354
1005,0.06050000099465251,0.0
1006,0.06140000101178884,0.09000000171363354
1007,0.060400000996887686,0.0
1008,0.060400000996887686,0.10000000149011612
1009,0.06130000101402402,0.09000000171363354
1010,0.06230000102892518,0.10000000149011612
1011,0.06330000104382634,0.10000000149011612
1012,0.06230000102892518,0.0
1013,0.06140000101178884,0.0
1014,0.06050000099465251,0.0
1015,0.06050000099465251,0.10000000149011612
1016,0.05950000097975135,0.0
1017,0.060400000996887686,0.09000000171363354
1018,0.06030000099912286,0.09000000171363354
1019,0.06120000101625919,0.09000000171363354
1020,0.06110000101849437,0.09000000171363354
1021,0.06100000102072954,0.09000000171363354
1022,0.060000001005828384,0.0
1023,0.060000001005828384,0.10000000149011612
1024,0.060000001005828384,0.10000000149011612
1025,0.059100000988692045,0.0
1026,0.06010000100359321,0.10000000149011612
1027,0.06100000102072954,0.09000000171363354
1028,0.06110000101849437,0.10000000149011612
1029,0.06110000101849437,0.0
1030,0.06110000101849437,0.10000000149011612
1031,0.06110000101849437,0.0
1032,0.06010000100359321,0.0
1033,0.06110000101849437,0.10000000149011612
1034,0.06110000101849437,0.10000000149011612
1035,0.06120000101625919,0.10000000149011612
1036,0.06030000099912286,0.0
1037,0.06130000101402402,0.10000000149011612
1038,0.06130000101402402,0.0
1039,0.060400000996887686,0.0
1040,0.060400000996887686,0.0
1041,0.05940000098198652,0.0
1042,0.05940000098198652,0.0
1043,0.06030000099912286,0.09000000171363354
1044,0.060200001001358035,0.09000000171363354
1045,0.05920000098645687,0.0
1046,0.05830000096932054,0.0
1047,0.05830000096932054,0.0
1048,0.05830000096932054,0.09000000171363354
1049,0.057300000954419374,0.0
1050,0.05640000093728304,0.0
1051,0.05640000093728304,0.10000000149011612
1052,0.056300000939518216,0.09000000171363354
1053,0.056300000939518216,0.0
1054,0.056300000939518216,0.09000000171363354
1055,0.056300000939518216,0.0
1056,0.05530000092461705,0.0
1057,0.05530000092461705,0.0
1058,0.05530000092461705,0.09000000171363354
1059,0.05530000092461705,0.09000000171363354
1060,0.05530000092461705,0.09000000171363354
1061,0.054300000909715894,0.0
1062,0.053400000892579555,0.0
1063,0.053400000892579555,0.0
1064,0.05330000089481473,0.09000000171363354
1065,0.05330000089481473,0.0
1066,0.053200000897049904,0.09000000171363354
1067,0.054100000914186236,0.09000000171363354
1068,0.053200000897049904,0.0
1069,0.05220000088214874,0.0
1070,0.05310000089928508,0.09000000171363354
1071,0.052100000884383914,0.0
1072,0.052100000884383914,0.09000000171363354
1073,0.05300000090152025,0.09000000171363354
1074,0.053900000918656585,0.09000000171363354
1075,0.05290000090375543,0.0
1076,0.05290000090375543,0.09000000171363354
1077,0.05380000092089176,0.09000000171363354
1078,0.05380000092089176,0.10000000149011612
1079,0.05290000090375543,0.0
1080,0.0528000009059906,0.09000000171363354
1081,0.0528000009059906,0.09000000171363354
1082,0.053700000923126934,0.09000000171363354
1083,0.05380000092089176,0.10000000149011612
1084,0.0547000009380281,0.09000000171363354
1085,0.0547000009380281,0.10000000149011612
1086,0.053700000923126934,0.0
1087,0.052700000908225776,0.0
1088,0.052700000908225776,0.0
1089,0.05180000089108944,0.0
1090,0.052700000908225776,0.09000000171363354
1091,0.05360000092536211,0.09000000171363354
1092,0.05450000094249845,0.09000000171363354
1093,0.05350000092759728,0.0
1094,0.05340000092983246,0.09000000171363354
1095,0.05340000092983246,0.09000000171363354
1096,0.05350000092759728,0.10000000149011612
1097,0.05350000092759728,0.0
1098,0.052500000912696125,0.0
1099,0.0524000009149313,0.09000000171363354
1100,0.0524000009149313,0.10000000149011612
1101,0.05340000092983246,0.10000000149011612
1102,0.05440000094473362,0.10000000149011612
1103,0.05340000092983246,0.0
1104,0.052500000912696125,0.0
1105,0.052500000912696125,0.0
1106,0.05260000091046095,0.10000000149011612
1107,0.05360000092536211,0.10000000149011612
1108,0.05260000091046095,0.0
1109,0.05170000089332461,0.0
1110,0.05170000089332461,0.10000000149011612
1111,0.05170000089332461,0.10000000149011612
1112,0.052700000908225776,0.10000000149011612
1113,0.053700000923126934,0.10000000149011612
1114,0.05460000094026327,0.09000000171363354
1115,0.05450000094249845,0.09000000171363354
1116,0.05540000095963478,0.09000000171363354
1117,0.055500000957399605,0.10000000149011612
1118,0.055500000957399605,0.09000000171363354
1119,0.05560000095516443,0.10000000149011612
1120,0.05560000095516443,0.09000000171363354
1121,0.055700000952929256,0.10000000149011612
1122,0.056600000970065595,0.09000000171363354
1123,0.05650000097230077,0.09000000171363354
1124,0.05650000097230077,0.10000000149011612
1125,0.05750000098720193,0.10000000149011612
1126,0.0574000009894371,0.09000000171363354
1127,0.0574000009894371,0.09000000171363354
1128,0.057300000991672276,0.09000000171363354
1129,0.057300000991672276,0.0
1130,0.057300000991672276,0.10000000149011612
1131,0.05830000100657344,0.10000000149011612
1132,0.0593000010214746,0.10000000149011612
1133,0.0593000010214746,0.10000000149011612
1134,0.05920000102370977,0.09000000171363354
1135,0.05910000102594495,0.09000000171363354
1136,0.06010000104084611,0.10000000149011612
1137,0.05910000102594495,0.0
1138,0.060000001043081286,0.09000000171363354
1139,0.06100000105798244,0.10000000149011612
1140,0.06200000107288361,0.10000000149011612
1141,0.06200000107288361,0.0
1142,0.06200000107288361,0.0
1143,0.06110000105574727,0.0
1144,0.06110000105574727,0.09000000171363354
1145,0.06200000107288361,0.09000000171363354
1146,0.06290000109001995,0.09000000171363354
1147,0.06290000109001995,0.0
1148,0.06300000108778477,0.10000000149011612
1149,0.0639000011049211,0.09000000171363354
1150,0.06490000111982226,0.10000000149011612
1151,0.0639000011049211,0.0
1152,0.06400000110268593,0.10000000149011612
1153,0.06400000110268593,0.0
1154,0.0631000010855496,0.0
1155,0.0631000010855496,0.0
1156,0.06410000110045075,0.10000000149011612
1157,0.06410000110045075,0.0
1158,0.06420000109821558,0.10000000149011612
1159,0.0643000010959804,0.10000000149011612
1160,0.06440000109374523,0.10000000149011612
1161,0.0654000011086464,0.10000000149011612
1162,0.06640000112354755,0.10000000149011612
1163,0.0673000011406839,0.09000000171363354
1164,0.0673000011406839,0.09000000171363354
1165,0.06830000115558504,0.10000000149011612
1166,0.06840000115334988,0.10000000149011612
1167,0.06750000113621354,0.0
1168,0.06840000115334988,0.09000000171363354
1169,0.06940000116825104,0.10000000149011612
1170,0.06950000116601586,0.10000000149011612
1171,0.0704000011831522,0.09000000171363354
1172,0.07050000118091702,0.10000000149011612
1173,0.07050000118091702,0.09000000171363354
1174,0.07060000117868186,0.10000000149011612
1175,0.07060000117868186,0.0
1176,0.07060000117868186,0.09000000171363354
1177,0.06970000116154551,0.0
1178,0.06960000116378069,0.09000000171363354
1179,0.07060000117868186,0.10000000149011612
1180,0.07060000117868186,0.09000000171363354
1181,0.07060000117868186,0.09000000171363354
1182,0.07060000117868186,0.09000000171363354
1183,0.06960000116378069,0.0
1184,0.06960000116378069,0.09000000171363354
1185,0.06860000114887953,0.0
1186,0.06950000116601586,0.09000000171363354
1187,0.0704000011831522,0.09000000171363354
1188,0.07130000120028854,0.09000000171363354
1189,0.0723000012151897,0.10000000149011612
1190,0.07240000121295452,0.10000000149011612
1191,0.07250000121071935,0.10000000149011612
1192,0.07250000121071935,0.09000000171363354
1193,0.07340000122785569,0.09000000171363354
1194,0.0735000012256205,0.10000000149011612
1195,0.0735000012256205,0.09000000171363354
1196,0.07250000121071935,0.0
1197,0.07340000122785569,0.09000000171363354
1198,0.07440000124275685,0.10000000149011612
1199,0.07450000124052167,0.10000000149011612
1200,0.0735000012256205,0.0
1201,0.0735000012256205,0.10000000149011612
1202,0.0735000012256205,0.10000000149011612
1203,0.0735000012256205,0.0
1204,0.07450000124052167,0.10000000149011612
1205,0.075400001257658,0.09000000171363354
1206,0.075400001257658,0.10000000149011612
1207,0.075400001257658,0.10000000149011612
1208,0.075400001257658,0.0
1209,0.075400001257658,0.0
1210,0.07530000125989318,0.09000000171363354
1211,0.07520000126212835,0.09000000171363354
1212,0.07510000126436353,0.09000000171363354
1213,0.07510000126436353,0.10000000149011612
1214,0.07510000126436353,0.09000000171363354
1215,0.07620000127702951,0.20000000298023224
1216,0.07620000127702951,0.09000000171363354
1217,0.0761000012792647,0.09000000171363354
1218,0.07520000126212835,0.0
1219,0.07520000126212835,0.10000000149011612
1220,0.07530000125989318,0.10000000149011612
1221,0.07530000125989318,0.10000000149011612
1222,0.075400001257658,0.10000000149011612
1223,0.075400001257658,0.09000000171363354
1224,0.07440000124275685,0.0
1225,0.07440000124275685,0.10000000149011612
1226,0.0735000012256205,0.0
1227,0.07360000122338534,0.10000000149011612
1228,0.072700001206249,0.0
1229,0.07370000122115015,0.10000000149011612
1230,0.07370000122115015,0.10000000149011612
1231,0.07370000122115015,0.10000000149011612
1232,0.072700001206249,0.0
1233,0.072700001206249,0.10000000149011612
1234,0.072700001206249,0.09000000171363354
1235,0.072700001206249,0.09000000171363354
1236,0.07170000119134784,0.0
1237,0.072700001206249,0.10000000149011612
1238,0.07280000120401382,0.10000000149011612
1239,0.07180000118911266,0.0
1240,0.07180000118911266,0.10000000149011612
1241,0.07280000120401382,0.10000000149011612
1242,0.07370000122115015,0.09000000171363354
1243,0.07470000123605132,0.10000000149011612
1244,0.07480000123381615,0.10000000149011612
1245,0.07480000123381615,0.09000000171363354
1246,0.0739000012166798,0.0
1247,0.0739000012166798,0.0
1248,0.0739000012166798,0.10000000149011612
1249,0.07400000121444464,0.10000000149011612
1250,0.07400000121444464,0.10000000149011612
1251,0.07400000121444464,0.0
1252,0.07400000121444464,0.10000000149011612
1253,0.0750000012293458,0.10000000149011612
1254,0.07600000124424695,0.10000000149011612
1255,0.07600000124424695,0.0
1256,0.07600000124424695,0.10000000149011612
1257,0.0769000012613833,0.09000000171363354
1258,0.07590000124648213,0.0
1259,0.07490000123158097,0.0
1260,0.0739000012166798,0.0
1261,0.0739000012166798,0.10000000149011612
1262,0.0739000012166798,0.10000000149011612
1263,0.07300000119954347,0.0
1264,0.0731000011973083,0.10000000149011612
1265,0.0731000011973083,0.10000000149011612
1266,0.0731000011973083,0.10000000149011612
1267,0.07410000121220946,0.10000000149011612
1268,0.07420000120997429,0.10000000149011612
1269,0.07420000120997429,0.10000000149011612
1270,0.07420000120997429,0.10000000149011612
1271,0.07530000122264027,0.20000000298023224
1272,0.07530000122264027,0.10000000149011612
1273,0.07740000125020742,0.30000000447034836
1274,0.07740000125020742,0.10000000149011612
1275,0.07840000126510858,0.10000000149011612
1276,0.07850000126287342,0.10000000149011612
1277,0.07950000127777457,0.10000000149011612
1278,0.07950000127777457,0.09000000171363354
1279,0.07950000127777457,0.10000000149011612
1280,0.08060000129044056,0.20000000298023224
1281,0.08070000128820538,0.10000000149011612
1282,0.08080000128597022,0.10000000149011612
1283,0.0838000013306737,0.30000000447034836
1284,0.08390000132843851,0.10000000149011612
1285,0.08490000134333968,0.10000000149011612
1286,0.08500000134110451,0.10000000149011612
1287,0.08510000133886933,0.10000000149011612
1288,0.08520000133663416,0.10000000149011612
1289,0.08520000133663416,0.10000000149011612
1290,0.084200001321733,0.0
1291,0.084200001321733,0.10000000149011612
1292,0.08630000134930015,0.30000000447034836
1293,0.08640000134706498,0.10000000149011612
1294,0.08630000134930015,0.09000000171363354
1295,0.08640000134706498,0.10000000149011612
1296,0.08740000136196613,0.10000000149011612
1297,0.08750000135973096,0.10000000149011612
1298,0.08850000137463213,0.20000000298023224
1299,0.08850000137463213,0.10000000149011612
1300,0.08950000138953328,0.10000000149011612
1301,0.08950000138953328,0.10000000149011612
1302,0.08850000137463213,0.0
1303,0.08950000138953328,0.10000000149011612
1304,0.08950000138953328,0.10000000149011612
1305,0.08860000137239694,0.0
1306,0.08860000137239694,0.10000000149011612
1307,0.08850000137463213,0.09000000171363354
1308,0.08950000138953328,0.10000000149011612
1309,0.09040000140666962,0.09000000171363354
1310,0.09050000140443444,0.10000000149011612
1311,0.09060000140219927,0.10000000149011612
1312,0.09070000139996409,0.10000000149011612
1313,0.09070000139996409,0.10000000149011612
1314,0.09070000139996409,0.09000000171363354
1315,0.08970000138506293,0.10000000149011612
1316,0.08970000138506293,0.09000000171363354
1317,0.08980000138282776,0.10000000149011612
1318,0.08980000138282776,0.0
1319,0.08970000138506293,0.09000000171363354
1320,0.08970000138506293,0.10000000149011612
1321,0.08970000138506293,0.10000000149011612
1322,0.08960000138729811,0.09000000171363354
1323,0.08970000138506293,0.10000000149011612
1324,0.08970000138506293,0.0
1325,0.08970000138506293,0.10000000149011612
1326,0.09070000139996409,0.10000000149011612
1327,0.09070000139996409,0.10000000149011612
1328,0.09170000141486526,0.10000000149011612
1329,0.09070000139996409,0.0
1330,0.09070000139996409,0.10000000149011612
1331,0.09070000139996409,0.10000000149011612
1332,0.09070000139996409,0.0
1333,0.09060000140219927,0.09000000171363354
1334,0.09070000139996409,0.10000000149011612
1335,0.09080000139772892,0.10000000149011612
1336,0.09180000141263008,0.10000000149011612
1337,0.09180000141263008,0.10000000149011612
1338,0.09180000141263008,0.10000000149011612
1339,0.09280000142753124,0.10000000149011612
1340,0.09280000142753124,0.10000000149011612
1341,0.09270000142976642,0.09000000171363354
1342,0.09270000142976642,0.09000000171363354
1343,0.09270000142976642,0.10000000149011612
1344,0.09270000142976642,0.10000000149011612
1345,0.09270000142976642,0.09000000171363354
1346,0.09370000144466757,0.10000000149011612
1347,0.09470000145956874,0.10000000149011612
1348,0.09470000145956874,0.10000000149011612
1349,0.09470000145956874,0.10000000149011612
1350,0.09470000145956874,0.10000000149011612
1351,0.0957000014744699,0.10000000149011612
1352,0.09560000147670507,0.09000000171363354
1353,0.09560000147670507,0.10000000149011612
1354,0.09560000147670507,0.10000000149011612
1355,0.09650000149384141,0.09000000171363354
1356,0.09650000149384141,0.10000000149011612
1357,0.09660000149160623,0.10000000149011612
1358,0.09750000150874256,0.09000000171363354
1359,0.09850000152364373,0.10000000149011612
1360,0.09940000154078006,0.09000000171363354
1361,0.09930000154301524,0.09000000171363354
1362,0.09930000154301524,0.10000000149011612
1363,0.10030000155791641,0.10000000149011612
1364,0.10020000156015157,0.09000000171363354
1365,0.10020000156015157,0.10000000149011612
1366,0.10020000156015157,0.10000000149011612
1367,0.10020000156015157,0.10000000149011612
1368,0.10020000156015157,0.10000000149011612
1369,0.10010000156238676,0.09000000171363354
1370,0.10010000156238676,0.10000000149011612
1371,0.09910000154748559,0.10000000149011612
1372,0.09810000153258443,0.0
1373,0.09510000148788095,0.0
1374,0.09510000148788095,0.10000000149011612
1375,0.09510000148788095,0.10000000149011612
1376,0.09610000150278211,0.20000000298023224
1377,0.09510000148788095,0.0
1378,0.09520000148564577,0.10000000149011612
1379,0.09510000148788095,0.09000000171363354
1380,0.09410000147297978,0.10000000149011612
1381,0.09410000147297978,0.10000000149011612
1382,0.09400000147521496,0.09000000171363354
1383,0.09200000144541264,0.10000000149011612
1384,0.09190000144764782,0.09000000171363354
1385,0.09190000144764782,0.10000000149011612
1386,0.09190000144764782,0.10000000149011612
1387,0.09190000144764782,0.10000000149011612
1388,0.09190000144764782,0.10000000149011612
1389,0.09180000144988298,0.09000000171363354
1390,0.09380000147968531,0.20000000298023224
1391,0.09380000147968531,0.10000000149011612
1392,0.09180000144988298,0.10000000149011612
1393,0.09180000144988298,0.10000000149011612
1394,0.09190000144764782,0.10000000149011612
1395,0.09180000144988298,0.09000000171363354
1396,0.09180000144988298,0.10000000149011612
1397,0.09170000145211815,0.09000000171363354
1398,0.090700001437217,0.10000000149011612
1399,0.09060000143945217,0.09000000171363354
1400,0.09060000143945217,0.10000000149011612
1401,0.09060000143945217,0.10000000149011612
1402,0.0926000014692545,0.20000000298023224
1403,0.09250000147148967,0.09000000171363354
1404,0.09240000147372485,0.09000000171363354
1405,0.09240000147372485,0.0
1406,0.093400001488626,0.20000000298023224
1407,0.094500001501292,0.20000000298023224
1408,0.09440000150352716,0.09000000171363354
1409,0.094500001501292,0.10000000149011612
1410,0.09440000150352716,0.09000000171363354
1411,0.09440000150352716,0.10000000149011612
1412,0.09440000150352716,0.10000000149011612
1413,0.09540000151842833,0.20000000298023224
1414,0.09550000151619314,0.10000000149011612
1415,0.09550000151619314,0.10000000149011612
1416,0.09560000151395798,0.10000000149011612
1417,0.09560000151395798,0.10000000149011612
1418,0.09860000155866146,0.30000000447034836
1419,0.09870000155642629,0.10000000149011612
1420,0.09870000155642629,0.10000000149011612
1421,0.09970000157132745,0.20000000298023224
1422,0.1018000015988946,0.30000000447034836
1423,0.1018000015988946,0.10000000149011612
1424,0.1018000015988946,0.0
1425,0.1018000015988946,0.10000000149011612
1426,0.1018000015988946,0.10000000149011612
1427,0.1018000015988946,0.10000000149011612
1428,0.1018000015988946,0.10000000149011612
1429,0.10280000161379575,0.10000000149011612
1430,0.10270000161603093,0.09000000171363354
1431,0.10570000166073441,0.4000000059604645
1432,0.10670000167563558,0.10000000149011612
1433,0.1068000016734004,0.10000000149011612
1434,0.1068000016734004,0.10000000149011612
1435,0.1068000016734004,0.10000000149011612
1436,0.10880000170320273,0.30000000447034836
1437,0.10970000172033906,0.19000000320374966
1438,0.10970000172033906,0.10000000149011612
1439,0.11470000179484487,0.6000000089406967
1440,0.11570000180974603,0.20000000298023224
1441,0.11580000180751085,0.10000000149011612
1442,0.11580000180751085,0.09000000171363354
1443,0.11570000180974603,0.09000000171363354
1444,0.1156000018119812,0.09000000171363354
1445,0.1156000018119812,0.09000000171363354
1446,0.12260000191628934,0.800000011920929
1447,0.12260000191628934,0.10000000149011612
1448,0.12260000191628934,0.10000000149011612
1449,0.1225000019185245,0.09000000171363354
1450,0.12240000192075967,0.09000000171363354
1451,0.12240000192075967,0.10000000149011612
1452,0.1225000019185245,0.10000000149011612
1453,0.12240000192075967,0.09000000171363354
1454,0.12840000201016666,0.7000000104308128
1455,0.12850000200793146,0.10000000149011612
1456,0.12950000202283263,0.20000000298023224
1457,0.12950000202283263,0.10000000149011612
1458,0.12960000202059746,0.10000000149011612
1459,0.12950000202283263,0.09000000171363354
1460,0.12950000202283263,0.09000000171363354
1461,0.13060000203549862,0.20000000298023224
1462,0.1305000020377338,0.09000000171363354
1463,0.1305000020377338,0.10000000149011612
1464,0.1305000020377338,0.09000000171363354
1465,0.1305000020377338,0.10000000149011612
1466,0.13250000206753612,0.30000000447034836
1467,0.13350000208243729,0.20000000298023224
1468,0.13350000208243729,0.10000000149011612
1469,0.13350000208243729,0.09000000171363354
1470,0.13340000208467245,0.09000000171363354
1471,0.13340000208467245,0.10000000149011612
1472,0.13440000209957362,0.10000000149011612
1473,0.13530000211670995,0.09000000171363354
1474,0.13530000211670995,0.10000000149011612
1475,0.13520000211894512,0.09000000171363354
1476,0.1382000021636486,0.5000000074505806
1477,0.1382000021636486,0.0
1478,0.1382000021636486,0.10000000149011612
1479,0.13830000216141344,0.10000000149011612
1480,0.13930000217631458,0.20000000298023224
1481,0.13930000217631458,0.10000000149011612
1482,0.1474000022932887,0.9000000134110451
1483,0.14840000230818987,0.20000000298023224
1484,0.1485000023059547,0.10000000149011612
1485,0.14950000232085586,0.20000000298023224
1486,0.1485000023059547,0.0
1487,0.1485000023059547,0.10000000149011612
1488,0.1485000023059547,0.10000000149011612
1489,0.1485000023059547,0.09000000171363354
1490,0.1474000022932887,0.09000000171363354
1491,0.1474000022932887,0.10000000149011612
1492,0.14730000229552387,0.09000000171363354
1493,0.14830000231042503,0.20000000298023224
1494,0.15330000238493086,0.6000000089406967
1495,0.15330000238493086,0.09000000171363354
1496,0.15330000238493086,0.10000000149011612
1497,0.1534000023826957,0.10000000149011612
1498,0.16440000254660844,1.2000000178813934
1499,0.16450000254437327,0.10000000149011612
1500,0.16550000255927444,0.20000000298023224
1501,0.16550000255927444,0.10000000149011612
1502,0.16450000254437327,0.10000000149011612
1503,0.1696000026166439,0.6000000089406967
1504,0.17170000264421106,0.30000000447034836
1505,0.17170000264421106,0.0
1506,0.17060000263154507,0.09000000171363354
1507,0.17060000263154507,0.20000000298023224
1508,0.1707000026293099,0.10000000149011612
1509,0.1707000026293099,0.10000000149011612
1510,0.18280000280588865,1.3000000193715096
1511,0.18280000280588865,0.10000000149011612
1512,0.20280000310391189,2.1000000312924385
1513,0.20280000310391189,0.20000000298023224
1514,0.2048000031337142,0.30000000447034836
1515,0.20380000311881305,0.0
1516,0.20780000317841768,0.5000000074505806
1517,0.22770000347867608,2.090000031515956
1518,0.22570000344887375,0.10000000149011612
1519,0.22760000348091125,0.2900000046938658
1520,0.2316000035405159,0.5000000074505806
1521,0.2316000035405159,0.20000000298023224
1522,0.2316000035405159,0.30000000447034836
1523,0.2416000036895275,1.1000000163912773
1524,0.2465000037662685,0.490000007674098
1525,0.2465000037662685,0.10000000149011612
1526,0.25550000390037897,1.0000000149011612
1527,0.2565000039152801,0.20000000298023224
1528,0.25850000394508243,0.30000000447034836
1529,0.25950000395998357,0.20000000298023224
1530,0.26260000400245187,0.4000000059604645
1531,0.2596000039577484,0.10000000149011612
1532,0.2596000039577484,0.10000000149011612
1533,0.26160000398755073,0.30000000447034836
1534,0.26350000401958823,0.2900000046938658
1535,0.26550000404939056,0.30000000447034836
1536,0.2694000041112304,0.6900000106543303
1537,0.2695000041089952,0.20000000298023224
1538,0.27650000421330334,0.800000011920929
1539,0.27150000413879755,0.10000000149011612
1540,0.2714000041410327,0.19000000320374966
1541,0.2744000041857362,0.4000000059604645
1542,0.274500004183501,0.10000000149011612
1543,0.27460000418126584,0.10000000149011612
1544,0.2747000041790307,0.10000000149011612
1545,0.2748000041767955,0.10000000149011612
1546,0.2687000040896237,0.19000000320374966
1547,0.2697000041045248,0.20000000298023224
1548,0.2697000041045248,0.10000000149011612
1549,0.26980000410228966,0.10000000149011612
1550,0.2699000041000545,0.10000000149011612
1551,0.2709000041149557,0.20000000298023224
1552,0.2719000041298568,0.20000000298023224
1553,0.27200000412762165,0.10000000149011612
1554,0.26700000405311586,0.20000000298023224
1555,0.2700000040978193,0.4000000059604645
1556,0.2700000040978193,0.20000000298023224
1557,0.2710000041127205,0.20000000298023224
1558,0.2749000041745603,0.490000007674098
1559,0.274000004157424,0.0
1560,0.2741000041551888,0.10000000149011612
1561,0.2771000041998923,0.5000000074505806
1562,0.27920000422745944,0.30000000447034836
1563,0.2802000042423606,0.20000000298023224
1564,0.28230000426992774,0.30000000447034836
1565,0.28420000430196524,0.2900000046938658
1566,0.2882000043615699,0.7000000104308128
1567,0.2882000043615699,0.20000000298023224
1568,0.2882000043615699,0.10000000149011612
1569,0.2913000044040382,0.4000000059604645
1570,0.31040000468492507,2.0000000298023224
1571,0.31030000468716024,0.09000000171363354
1572,0.3093000046722591,0.0
1573,0.31140000469982626,0.30000000447034836
1574,0.31640000477433206,0.6000000089406967
1575,0.3415000051446259,2.600000038743019
1576,0.34750000523403285,1.1000000163912773
1577,0.34850000524893404,0.10000000149011612
1578,0.3495000052638352,0.20000000298023224
1579,0.3495000052638352,0.10000000149011612
1580,0.35050000527873637,0.30000000447034836
1581,0.3625000054575503,1.3000000193715096
1582,0.35550000535324217,0.20000000298023224
1583,0.354500005338341,0.10000000149011612
1584,0.3565000053681433,0.30000000447034836
1585,0.3575000053830445,0.30000000447034836
1586,0.36650000551715495,0.9000000134110451
1587,0.36650000551715495,0.10000000149011612
1588,0.36550000550225376,0.0
1589,0.3656000055000186,0.10000000149011612
1590,0.36770000552758575,0.30000000447034836
1591,0.36770000552758575,0.10000000149011612
1592,0.3668000055104494,0.0
1593,0.37580000564455984,1.1000000163912773
1594,0.37180000558495524,0.20000000298023224
1595,0.39690000595524905,2.600000038743019
1596,0.3959000059403479,0.0
1597,0.39790000597015024,0.30000000447034836
1598,0.39290000589564444,0.7000000104308128
1599,0.39290000589564444,0.10000000149011612
1600,0.39190000588074325,0.10000000149011612
1601,0.39190000588074325,0.10000000149011612
1602,0.3959000059403479,0.5000000074505806
1603,0.3909000058658421,0.10000000149011612
1604,0.3939000059105456,0.6000000089406967
1605,0.3939000059105456,0.0
1606,0.4120000061765313,1.9000000283122063
1607,0.4330000064894557,2.3000000342726707
1608,0.4440000066533685,1.2000000178813934
1609,0.464900006968528,2.190000033006072
1610,0.4568000068515539,0.490000007674098
1611,0.4678000070154667,1.2000000178813934
1612,0.44680000670254233,0.0
1613,0.44580000668764114,0.10000000149011612
1614,0.44580000668764114,0.30000000447034836
1615,0.44680000670254233,0.10000000149011612
1616,0.4488000067323446,0.7000000104308128
1617,0.4319000064767897,0.4000000059604645
1618,0.4359000065363944,0.5000000074505806
1619,0.4340000065043569,0.10000000149011612
1620,0.441000006608665,1.2000000178813934
1621,0.46500000696629284,2.600000038743019
1622,0.47000000704079864,0.800000011920929
1623,0.4850000072643161,2.600000038743019
1624,0.49710000744089483,1.700000025331974
1625,0.5191000077687203,2.3000000342726707
1626,0.535100008007139,2.600000038743019
1627,0.535100008007139,0.20000000298023224
1628,0.5361000080220402,0.4000000059604645
1629,0.560100008379668,2.600000038743019
1630,0.5831000087223948,2.7000000402331352
1631,0.585100008752197,0.30000000447034836
1632,0.6101000091247261,2.600000038743019
1633,0.6171000092290342,1.0000000149011612
1634,0.6402000095695257,2.600000038743019
1635,0.6472000096738338,1.0000000149011612
1636,0.6663000099547207,2.600000038743019
1637,0.6723000100441276,0.800000011920929
1638,0.6903000103123486,2.600000038743019
1639,0.711300010625273,2.2000000327825546
1640,0.7114000106230378,0.20000000298023224
1641,0.7194000107422471,1.2000000178813934
1642,0.7444000111147762,2.600000038743019
1643,0.7444000111147762,0.10000000149011612
1644,0.7694000114873052,2.600000038743019
1645,0.7694000114873052,0.10000000149011612
1646,0.7805000116489827,1.3000000193715096
1647,0.7875000117532909,0.9000000134110451
1648,0.8125000121258199,2.600000038743019
1649,0.8385000125132501,2.7000000402331352
1650,0.8475000126473605,1.0000000149011612
1651,0.8635000128857792,1.8000000268220901
1652,0.8675000129453838,0.6000000089406967
1653,0.8865000132285058,2.0000000298023224
1654,0.9105000135861337,2.600000038743019
1655,0.9275000138394535,2.1000000312924385
1656,0.9485000141523778,2.3000000342726707
1657,0.9505000141821802,0.4000000059604645
1658,0.9546000142395497,0.9000000134110451
1659,0.9686000144481659,1.4000000208616257
1660,0.975600014552474,0.800000011920929
1661,0.981600014641881,1.1000000163912773
1662,1.0046000149846077,2.600000038743019
